Name,CategoriesType,levelid,Any%PB,Any%WR,Checkpoint%PB,Checkpoint%WR,Any% PinchPB,Any% PinchWR,Checkpoint% PinchPB,Checkpoint% PinchWR,Any% No PinchPB,Any% No PinchWR,Checkpoint% No PinchPB,Checkpoint% No PinchWR,Any% GlitchlessPB,Any% GlitchlessWR,Checkpoint% GlitchlessPB,Checkpoint% GlitchlessWR,Any% Glitches AllowedPB,Any% Glitches AllowedWR,Checkpoint% Glitches AllowedPB,Checkpoint% Glitches AllowedWR,[workshop]Any% GlitchedPB,[workshop]Any% GlitchedWR,[workshop]All Checkpoints% GlitchedPB,[workshop]All Checkpoints% GlitchedWR,[workshop]Any% GlitchlessPB,[workshop]Any% GlitchlessWR,[workshop]All Checkpoints% GlitchlessPB,[workshop]All Checkpoints% GlitchlessWR
Mansion,2,0,Any%PB,Any%WR,Checkpoint%PB,Checkpoint%WR,Any% PinchPB,Any% PinchWR,Checkpoint% PinchPB,Checkpoint% PinchWR,Any% No PinchPB,Any% No PinchWR,Checkpoint% No PinchPB,Checkpoint% No PinchWR,Any% GlitchlessPB,Any% GlitchlessWR,Checkpoint% GlitchlessPB,Checkpoint% GlitchlessWR,Any% Glitches AllowedPB,Any% Glitches AllowedWR,Checkpoint% Glitches AllowedPB,Checkpoint% Glitches AllowedWR,[workshop]Any% GlitchedPB,[workshop]Any% GlitchedWR,[workshop]All Checkpoints% GlitchedPB,[workshop]All Checkpoints% GlitchedWR,[workshop]Any% GlitchlessPB,[workshop]Any% GlitchlessWR,[workshop]All Checkpoints% GlitchlessPB,[workshop]All Checkpoints% GlitchlessWR
Train,2,1,Any%PB,Any%WR,Checkpoint%PB,Checkpoint%WR,Any% PinchPB,Any% PinchWR,Checkpoint% PinchPB,Checkpoint% PinchWR,Any% No PinchPB,Any% No PinchWR,Checkpoint% No PinchPB,Checkpoint% No PinchWR,Any% GlitchlessPB,Any% GlitchlessWR,Checkpoint% GlitchlessPB,Checkpoint% GlitchlessWR,Any% Glitches AllowedPB,Any% Glitches AllowedWR,Checkpoint% Glitches AllowedPB,Checkpoint% Glitches AllowedWR,[workshop]Any% GlitchedPB,[workshop]Any% GlitchedWR,[workshop]All Checkpoints% GlitchedPB,[workshop]All Checkpoints% GlitchedWR,[workshop]Any% GlitchlessPB,[workshop]Any% GlitchlessWR,[workshop]All Checkpoints% GlitchlessPB,[workshop]All Checkpoints% GlitchlessWR
Carry,0,2,Any%PB,Any%WR,Checkpoint%PB,Checkpoint%WR,Any% PinchPB,Any% PinchWR,Checkpoint% PinchPB,Checkpoint% PinchWR,Any% No PinchPB,Any% No PinchWR,Checkpoint% No PinchPB,Checkpoint% No PinchWR,Any% GlitchlessPB,Any% GlitchlessWR,Checkpoint% GlitchlessPB,Checkpoint% GlitchlessWR,Any% Glitches AllowedPB,Any% Glitches AllowedWR,Checkpoint% Glitches AllowedPB,Checkpoint% Glitches AllowedWR,[workshop]Any% GlitchedPB,[workshop]Any% GlitchedWR,[workshop]All Checkpoints% GlitchedPB,[workshop]All Checkpoints% GlitchedWR,[workshop]Any% GlitchlessPB,[workshop]Any% GlitchlessWR,[workshop]All Checkpoints% GlitchlessPB,[workshop]All Checkpoints% GlitchlessWR
Mountain,2,3,Any%PB,Any%WR,Checkpoint%PB,Checkpoint%WR,Any% PinchPB,Any% PinchWR,Checkpoint% PinchPB,Checkpoint% PinchWR,Any% No PinchPB,Any% No PinchWR,Checkpoint% No PinchPB,Checkpoint% No PinchWR,Any% GlitchlessPB,Any% GlitchlessWR,Checkpoint% GlitchlessPB,Checkpoint% GlitchlessWR,Any% Glitches AllowedPB,Any% Glitches AllowedWR,Checkpoint% Glitches AllowedPB,Checkpoint% Glitches AllowedWR,[workshop]Any% GlitchedPB,[workshop]Any% GlitchedWR,[workshop]All Checkpoints% GlitchedPB,[workshop]All Checkpoints% GlitchedWR,[workshop]Any% GlitchlessPB,[workshop]Any% GlitchlessWR,[workshop]All Checkpoints% GlitchlessPB,[workshop]All Checkpoints% GlitchlessWR
Demolition,1,4,Any%PB,Any%WR,Checkpoint%PB,Checkpoint%WR,Any% PinchPB,Any% PinchWR,Checkpoint% PinchPB,Checkpoint% PinchWR,Any% No PinchPB,Any% No PinchWR,Checkpoint% No PinchPB,Checkpoint% No PinchWR,Any% GlitchlessPB,Any% GlitchlessWR,Checkpoint% GlitchlessPB,Checkpoint% GlitchlessWR,Any% Glitches AllowedPB,Any% Glitches AllowedWR,Checkpoint% Glitches AllowedPB,Checkpoint% Glitches AllowedWR,[workshop]Any% GlitchedPB,[workshop]Any% GlitchedWR,[workshop]All Checkpoints% GlitchedPB,[workshop]All Checkpoints% GlitchedWR,[workshop]Any% GlitchlessPB,[workshop]Any% GlitchlessWR,[workshop]All Checkpoints% GlitchlessPB,[workshop]All Checkpoints% GlitchlessWR
Castle,0,5,Any%PB,Any%WR,Checkpoint%PB,Checkpoint%WR,Any% PinchPB,Any% PinchWR,Checkpoint% PinchPB,Checkpoint% PinchWR,Any% No PinchPB,Any% No PinchWR,Checkpoint% No PinchPB,Checkpoint% No PinchWR,Any% GlitchlessPB,Any% GlitchlessWR,Checkpoint% GlitchlessPB,Checkpoint% GlitchlessWR,Any% Glitches AllowedPB,Any% Glitches AllowedWR,Checkpoint% Glitches AllowedPB,Checkpoint% Glitches AllowedWR,[workshop]Any% GlitchedPB,[workshop]Any% GlitchedWR,[workshop]All Checkpoints% GlitchedPB,[workshop]All Checkpoints% GlitchedWR,[workshop]Any% GlitchlessPB,[workshop]Any% GlitchlessWR,[workshop]All Checkpoints% GlitchlessPB,[workshop]All Checkpoints% GlitchlessWR
Water,1,6,Any%PB,Any%WR,Checkpoint%PB,Checkpoint%WR,Any% PinchPB,Any% PinchWR,Checkpoint% PinchPB,Checkpoint% PinchWR,Any% No PinchPB,Any% No PinchWR,Checkpoint% No PinchPB,Checkpoint% No PinchWR,Any% GlitchlessPB,Any% GlitchlessWR,Checkpoint% GlitchlessPB,Checkpoint% GlitchlessWR,Any% Glitches AllowedPB,Any% Glitches AllowedWR,Checkpoint% Glitches AllowedPB,Checkpoint% Glitches AllowedWR,[workshop]Any% GlitchedPB,[workshop]Any% GlitchedWR,[workshop]All Checkpoints% GlitchedPB,[workshop]All Checkpoints% GlitchedWR,[workshop]Any% GlitchlessPB,[workshop]Any% GlitchlessWR,[workshop]All Checkpoints% GlitchlessPB,[workshop]All Checkpoints% GlitchlessWR
Power Plant,1,7,Any%PB,Any%WR,Checkpoint%PB,Checkpoint%WR,Any% PinchPB,Any% PinchWR,Checkpoint% PinchPB,Checkpoint% PinchWR,Any% No PinchPB,Any% No PinchWR,Checkpoint% No PinchPB,Checkpoint% No PinchWR,Any% GlitchlessPB,Any% GlitchlessWR,Checkpoint% GlitchlessPB,Checkpoint% GlitchlessWR,Any% Glitches AllowedPB,Any% Glitches AllowedWR,Checkpoint% Glitches AllowedPB,Checkpoint% Glitches AllowedWR,[workshop]Any% GlitchedPB,[workshop]Any% GlitchedWR,[workshop]All Checkpoints% GlitchedPB,[workshop]All Checkpoints% GlitchedWR,[workshop]Any% GlitchlessPB,[workshop]Any% GlitchlessWR,[workshop]All Checkpoints% GlitchlessPB,[workshop]All Checkpoints% GlitchlessWR
Aztec,1,8,Any%PB,Any%WR,Checkpoint%PB,Checkpoint%WR,Any% PinchPB,Any% PinchWR,Checkpoint% PinchPB,Checkpoint% PinchWR,Any% No PinchPB,Any% No PinchWR,Checkpoint% No PinchPB,Checkpoint% No PinchWR,Any% GlitchlessPB,Any% GlitchlessWR,Checkpoint% GlitchlessPB,Checkpoint% GlitchlessWR,Any% Glitches AllowedPB,Any% Glitches AllowedWR,Checkpoint% Glitches AllowedPB,Checkpoint% Glitches AllowedWR,[workshop]Any% GlitchedPB,[workshop]Any% GlitchedWR,[workshop]All Checkpoints% GlitchedPB,[workshop]All Checkpoints% GlitchedWR,[workshop]Any% GlitchlessPB,[workshop]Any% GlitchlessWR,[workshop]All Checkpoints% GlitchlessPB,[workshop]All Checkpoints% GlitchlessWR
Dark,1,9,Any%PB,Any%WR,Checkpoint%PB,Checkpoint%WR,Any% PinchPB,Any% PinchWR,Checkpoint% PinchPB,Checkpoint% PinchWR,Any% No PinchPB,Any% No PinchWR,Checkpoint% No PinchPB,Checkpoint% No PinchWR,Any% GlitchlessPB,Any% GlitchlessWR,Checkpoint% GlitchlessPB,Checkpoint% GlitchlessWR,Any% Glitches AllowedPB,Any% Glitches AllowedWR,Checkpoint% Glitches AllowedPB,Checkpoint% Glitches AllowedWR,[workshop]Any% GlitchedPB,[workshop]Any% GlitchedWR,[workshop]All Checkpoints% GlitchedPB,[workshop]All Checkpoints% GlitchedWR,[workshop]Any% GlitchlessPB,[workshop]Any% GlitchlessWR,[workshop]All Checkpoints% GlitchlessPB,[workshop]All Checkpoints% GlitchlessWR
Steam,3,2,Any%PB,Any%WR,Checkpoint%PB,Checkpoint%WR,Any% PinchPB,Any% PinchWR,Checkpoint% PinchPB,Checkpoint% PinchWR,Any% No PinchPB,Any% No PinchWR,Checkpoint% No PinchPB,Checkpoint% No PinchWR,Any% GlitchlessPB,Any% GlitchlessWR,Checkpoint% GlitchlessPB,Checkpoint% GlitchlessWR,Any% Glitches AllowedPB,Any% Glitches AllowedWR,Checkpoint% Glitches AllowedPB,Checkpoint% Glitches AllowedWR,[workshop]Any% GlitchedPB,[workshop]Any% GlitchedWR,[workshop]All Checkpoints% GlitchedPB,[workshop]All Checkpoints% GlitchedWR,[workshop]Any% GlitchlessPB,[workshop]Any% GlitchlessWR,[workshop]All Checkpoints% GlitchlessPB,[workshop]All Checkpoints% GlitchlessWR
Ice,1,3,Any%PB,Any%WR,Checkpoint%PB,Checkpoint%WR,Any% PinchPB,Any% PinchWR,Checkpoint% PinchPB,Checkpoint% PinchWR,Any% No PinchPB,Any% No PinchWR,Checkpoint% No PinchPB,Checkpoint% No PinchWR,Any% GlitchlessPB,Any% GlitchlessWR,Checkpoint% GlitchlessPB,Checkpoint% GlitchlessWR,Any% Glitches AllowedPB,Any% Glitches AllowedWR,Checkpoint% Glitches AllowedPB,Checkpoint% Glitches AllowedWR,[workshop]Any% GlitchedPB,[workshop]Any% GlitchedWR,[workshop]All Checkpoints% GlitchedPB,[workshop]All Checkpoints% GlitchedWR,[workshop]Any% GlitchlessPB,[workshop]Any% GlitchlessWR,[workshop]All Checkpoints% GlitchlessPB,[workshop]All Checkpoints% GlitchlessWR
Reprise,0,12,Any%PB,Any%WR,Checkpoint%PB,Checkpoint%WR,Any% PinchPB,Any% PinchWR,Checkpoint% PinchPB,Checkpoint% PinchWR,Any% No PinchPB,Any% No PinchWR,Checkpoint% No PinchPB,Checkpoint% No PinchWR,Any% GlitchlessPB,Any% GlitchlessWR,Checkpoint% GlitchlessPB,Checkpoint% GlitchlessWR,Any% Glitches AllowedPB,Any% Glitches AllowedWR,Checkpoint% Glitches AllowedPB,Checkpoint% Glitches AllowedWR,[workshop]Any% GlitchedPB,[workshop]Any% GlitchedWR,[workshop]All Checkpoints% GlitchedPB,[workshop]All Checkpoints% GlitchedWR,[workshop]Any% GlitchlessPB,[workshop]Any% GlitchlessWR,[workshop]All Checkpoints% GlitchlessPB,[workshop]All Checkpoints% GlitchlessWR
Thermal,1,100,Any%PB,Any%WR,Checkpoint%PB,Checkpoint%WR,Any% PinchPB,Any% PinchWR,Checkpoint% PinchPB,Checkpoint% PinchWR,Any% No PinchPB,Any% No PinchWR,Checkpoint% No PinchPB,Checkpoint% No PinchWR,Any% GlitchlessPB,Any% GlitchlessWR,Checkpoint% GlitchlessPB,Checkpoint% GlitchlessWR,Any% Glitches AllowedPB,Any% Glitches AllowedWR,Checkpoint% Glitches AllowedPB,Checkpoint% Glitches AllowedWR,[workshop]Any% GlitchedPB,[workshop]Any% GlitchedWR,[workshop]All Checkpoints% GlitchedPB,[workshop]All Checkpoints% GlitchedWR,[workshop]Any% GlitchlessPB,[workshop]Any% GlitchlessWR,[workshop]All Checkpoints% GlitchlessPB,[workshop]All Checkpoints% GlitchlessWR
Factory,1,101,Any%PB,Any%WR,Checkpoint%PB,Checkpoint%WR,Any% PinchPB,Any% PinchWR,Checkpoint% PinchPB,Checkpoint% PinchWR,Any% No PinchPB,Any% No PinchWR,Checkpoint% No PinchPB,Checkpoint% No PinchWR,Any% GlitchlessPB,Any% GlitchlessWR,Checkpoint% GlitchlessPB,Checkpoint% GlitchlessWR,Any% Glitches AllowedPB,Any% Glitches AllowedWR,Checkpoint% Glitches AllowedPB,Checkpoint% Glitches AllowedWR,[workshop]Any% GlitchedPB,[workshop]Any% GlitchedWR,[workshop]All Checkpoints% GlitchedPB,[workshop]All Checkpoints% GlitchedWR,[workshop]Any% GlitchlessPB,[workshop]Any% GlitchlessWR,[workshop]All Checkpoints% GlitchlessPB,[workshop]All Checkpoints% GlitchlessWR
Golf,1,102,Any%PB,Any%WR,Checkpoint%PB,Checkpoint%WR,Any% PinchPB,Any% PinchWR,Checkpoint% PinchPB,Checkpoint% PinchWR,Any% No PinchPB,Any% No PinchWR,Checkpoint% No PinchPB,Checkpoint% No PinchWR,Any% GlitchlessPB,Any% GlitchlessWR,Checkpoint% GlitchlessPB,Checkpoint% GlitchlessWR,Any% Glitches AllowedPB,Any% Glitches AllowedWR,Checkpoint% Glitches AllowedPB,Checkpoint% Glitches AllowedWR,[workshop]Any% GlitchedPB,[workshop]Any% GlitchedWR,[workshop]All Checkpoints% GlitchedPB,[workshop]All Checkpoints% GlitchedWR,[workshop]Any% GlitchlessPB,[workshop]Any% GlitchlessWR,[workshop]All Checkpoints% GlitchlessPB,[workshop]All Checkpoints% GlitchlessWR
City,1,103,Any%PB,Any%WR,Checkpoint%PB,Checkpoint%WR,Any% PinchPB,Any% PinchWR,Checkpoint% PinchPB,Checkpoint% PinchWR,Any% No PinchPB,Any% No PinchWR,Checkpoint% No PinchPB,Checkpoint% No PinchWR,Any% GlitchlessPB,Any% GlitchlessWR,Checkpoint% GlitchlessPB,Checkpoint% GlitchlessWR,Any% Glitches AllowedPB,Any% Glitches AllowedWR,Checkpoint% Glitches AllowedPB,Checkpoint% Glitches AllowedWR,[workshop]Any% GlitchedPB,[workshop]Any% GlitchedWR,[workshop]All Checkpoints% GlitchedPB,[workshop]All Checkpoints% GlitchedWR,[workshop]Any% GlitchlessPB,[workshop]Any% GlitchlessWR,[workshop]All Checkpoints% GlitchlessPB,[workshop]All Checkpoints% GlitchlessWR
Forest,1,104,Any%PB,Any%WR,Checkpoint%PB,Checkpoint%WR,Any% PinchPB,Any% PinchWR,Checkpoint% PinchPB,Checkpoint% PinchWR,Any% No PinchPB,Any% No PinchWR,Checkpoint% No PinchPB,Checkpoint% No PinchWR,Any% GlitchlessPB,Any% GlitchlessWR,Checkpoint% GlitchlessPB,Checkpoint% GlitchlessWR,Any% Glitches AllowedPB,Any% Glitches AllowedWR,Checkpoint% Glitches AllowedPB,Checkpoint% Glitches AllowedWR,[workshop]Any% GlitchedPB,[workshop]Any% GlitchedWR,[workshop]All Checkpoints% GlitchedPB,[workshop]All Checkpoints% GlitchedWR,[workshop]Any% GlitchlessPB,[workshop]Any% GlitchlessWR,[workshop]All Checkpoints% GlitchlessPB,[workshop]All Checkpoints% GlitchlessWR
Laboratory,1,105,Any%PB,Any%WR,Checkpoint%PB,Checkpoint%WR,Any% PinchPB,Any% PinchWR,Checkpoint% PinchPB,Checkpoint% PinchWR,Any% No PinchPB,Any% No PinchWR,Checkpoint% No PinchPB,Checkpoint% No PinchWR,Any% GlitchlessPB,Any% GlitchlessWR,Checkpoint% GlitchlessPB,Checkpoint% GlitchlessWR,Any% Glitches AllowedPB,Any% Glitches AllowedWR,Checkpoint% Glitches AllowedPB,Checkpoint% Glitches AllowedWR,[workshop]Any% GlitchedPB,[workshop]Any% GlitchedWR,[workshop]All Checkpoints% GlitchedPB,[workshop]All Checkpoints% GlitchedWR,[workshop]Any% GlitchlessPB,[workshop]Any% GlitchlessWR,[workshop]All Checkpoints% GlitchlessPB,[workshop]All Checkpoints% GlitchlessWR
Lumber,1,106,Any%PB,Any%WR,Checkpoint%PB,Checkpoint%WR,Any% PinchPB,Any% PinchWR,Checkpoint% PinchPB,Checkpoint% PinchWR,Any% No PinchPB,Any% No PinchWR,Checkpoint% No PinchPB,Checkpoint% No PinchWR,Any% GlitchlessPB,Any% GlitchlessWR,Checkpoint% GlitchlessPB,Checkpoint% GlitchlessWR,Any% Glitches AllowedPB,Any% Glitches AllowedWR,Checkpoint% Glitches AllowedPB,Checkpoint% Glitches AllowedWR,[workshop]Any% GlitchedPB,[workshop]Any% GlitchedWR,[workshop]All Checkpoints% GlitchedPB,[workshop]All Checkpoints% GlitchedWR,[workshop]Any% GlitchlessPB,[workshop]Any% GlitchlessWR,[workshop]All Checkpoints% GlitchlessPB,[workshop]All Checkpoints% GlitchlessWR
Red Rock,1,107,Any%PB,Any%WR,Checkpoint%PB,Checkpoint%WR,Any% PinchPB,Any% PinchWR,Checkpoint% PinchPB,Checkpoint% PinchWR,Any% No PinchPB,Any% No PinchWR,Checkpoint% No PinchPB,Checkpoint% No PinchWR,Any% GlitchlessPB,Any% GlitchlessWR,Checkpoint% GlitchlessPB,Checkpoint% GlitchlessWR,Any% Glitches AllowedPB,Any% Glitches AllowedWR,Checkpoint% Glitches AllowedPB,Checkpoint% Glitches AllowedWR,[workshop]Any% GlitchedPB,[workshop]Any% GlitchedWR,[workshop]All Checkpoints% GlitchedPB,[workshop]All Checkpoints% GlitchedWR,[workshop]Any% GlitchlessPB,[workshop]Any% GlitchlessWR,[workshop]All Checkpoints% GlitchlessPB,[workshop]All Checkpoints% GlitchlessWR
Tower,3,108,Any%PB,Any%WR,Checkpoint%PB,Checkpoint%WR,Any% PinchPB,Any% PinchWR,Checkpoint% PinchPB,Checkpoint% PinchWR,Any% No PinchPB,Any% No PinchWR,Checkpoint% No PinchPB,Checkpoint% No PinchWR,Any% GlitchlessPB,Any% GlitchlessWR,Checkpoint% GlitchlessPB,Checkpoint% GlitchlessWR,Any% Glitches AllowedPB,Any% Glitches AllowedWR,Checkpoint% Glitches AllowedPB,Checkpoint% Glitches AllowedWR,[workshop]Any% GlitchedPB,[workshop]Any% GlitchedWR,[workshop]All Checkpoints% GlitchedPB,[workshop]All Checkpoints% GlitchedWR,[workshop]Any% GlitchlessPB,[workshop]Any% GlitchlessWR,[workshop]All Checkpoints% GlitchlessPB,[workshop]All Checkpoints% GlitchlessWR
Miniature,1,109,Any%PB,Any%WR,Checkpoint%PB,Checkpoint%WR,Any% PinchPB,Any% PinchWR,Checkpoint% PinchPB,Checkpoint% PinchWR,Any% No PinchPB,Any% No PinchWR,Checkpoint% No PinchPB,Checkpoint% No PinchWR,Any% GlitchlessPB,Any% GlitchlessWR,Checkpoint% GlitchlessPB,Checkpoint% GlitchlessWR,Any% Glitches AllowedPB,Any% Glitches AllowedWR,Checkpoint% Glitches AllowedPB,Checkpoint% Glitches AllowedWR,[workshop]Any% GlitchedPB,[workshop]Any% GlitchedWR,[workshop]All Checkpoints% GlitchedPB,[workshop]All Checkpoints% GlitchedWR,[workshop]Any% GlitchlessPB,[workshop]Any% GlitchlessWR,[workshop]All Checkpoints% GlitchlessPB,[workshop]All Checkpoints% GlitchlessWR
Copper World,1,110,Any%PB,Any%WR,Checkpoint%PB,Checkpoint%WR,Any% PinchPB,Any% PinchWR,Checkpoint% PinchPB,Checkpoint% PinchWR,Any% No PinchPB,Any% No PinchWR,Checkpoint% No PinchPB,Checkpoint% No PinchWR,Any% GlitchlessPB,Any% GlitchlessWR,Checkpoint% GlitchlessPB,Checkpoint% GlitchlessWR,Any% Glitches AllowedPB,Any% Glitches AllowedWR,Checkpoint% Glitches AllowedPB,Checkpoint% Glitches AllowedWR,[workshop]Any% GlitchedPB,[workshop]Any% GlitchedWR,[workshop]All Checkpoints% GlitchedPB,[workshop]All Checkpoints% GlitchedWR,[workshop]Any% GlitchlessPB,[workshop]Any% GlitchlessWR,[workshop]All Checkpoints% GlitchlessPB,[workshop]All Checkpoints% GlitchlessWR
Port,1,112,Any%PB,Any%WR,Checkpoint%PB,Checkpoint%WR,Any% PinchPB,Any% PinchWR,Checkpoint% PinchPB,Checkpoint% PinchWR,Any% No PinchPB,Any% No PinchWR,Checkpoint% No PinchPB,Checkpoint% No PinchWR,Any% GlitchlessPB,Any% GlitchlessWR,Checkpoint% GlitchlessPB,Checkpoint% GlitchlessWR,Any% Glitches AllowedPB,Any% Glitches AllowedWR,Checkpoint% Glitches AllowedPB,Checkpoint% Glitches AllowedWR,[workshop]Any% GlitchedPB,[workshop]Any% GlitchedWR,[workshop]All Checkpoints% GlitchedPB,[workshop]All Checkpoints% GlitchedWR,[workshop]Any% GlitchlessPB,[workshop]Any% GlitchlessWR,[workshop]All Checkpoints% GlitchlessPB,[workshop]All Checkpoints% GlitchlessWR
Underwater,1,113,Any%PB,Any%WR,Checkpoint%PB,Checkpoint%WR,Any% PinchPB,Any% PinchWR,Checkpoint% PinchPB,Checkpoint% PinchWR,Any% No PinchPB,Any% No PinchWR,Checkpoint% No PinchPB,Checkpoint% No PinchWR,Any% GlitchlessPB,Any% GlitchlessWR,Checkpoint% GlitchlessPB,Checkpoint% GlitchlessWR,Any% Glitches AllowedPB,Any% Glitches AllowedWR,Checkpoint% Glitches AllowedPB,Checkpoint% Glitches AllowedWR,[workshop]Any% GlitchedPB,[workshop]Any% GlitchedWR,[workshop]All Checkpoints% GlitchedPB,[workshop]All Checkpoints% GlitchedWR,[workshop]Any% GlitchlessPB,[workshop]Any% GlitchlessWR,[workshop]All Checkpoints% GlitchlessPB,[workshop]All Checkpoints% GlitchlessWR
Dockyard,1,114,Any%PB,Any%WR,Checkpoint%PB,Checkpoint%WR,Any% PinchPB,Any% PinchWR,Checkpoint% PinchPB,Checkpoint% PinchWR,Any% No PinchPB,Any% No PinchWR,Checkpoint% No PinchPB,Checkpoint% No PinchWR,Any% GlitchlessPB,Any% GlitchlessWR,Checkpoint% GlitchlessPB,Checkpoint% GlitchlessWR,Any% Glitches AllowedPB,Any% Glitches AllowedWR,Checkpoint% Glitches AllowedPB,Checkpoint% Glitches AllowedWR,[workshop]Any% GlitchedPB,[workshop]Any% GlitchedWR,[workshop]All Checkpoints% GlitchedPB,[workshop]All Checkpoints% GlitchedWR,[workshop]Any% GlitchlessPB,[workshop]Any% GlitchlessWR,[workshop]All Checkpoints% GlitchlessPB,[workshop]All Checkpoints% GlitchlessWR
Museum,1,115,Any%PB,Any%WR,Checkpoint%PB,Checkpoint%WR,Any% PinchPB,Any% PinchWR,Checkpoint% PinchPB,Checkpoint% PinchWR,Any% No PinchPB,Any% No PinchWR,Checkpoint% No PinchPB,Checkpoint% No PinchWR,Any% GlitchlessPB,Any% GlitchlessWR,Checkpoint% GlitchlessPB,Checkpoint% GlitchlessWR,Any% Glitches AllowedPB,Any% Glitches AllowedWR,Checkpoint% Glitches AllowedPB,Checkpoint% Glitches AllowedWR,[workshop]Any% GlitchedPB,[workshop]Any% GlitchedWR,[workshop]All Checkpoints% GlitchedPB,[workshop]All Checkpoints% GlitchedWR,[workshop]Any% GlitchlessPB,[workshop]Any% GlitchlessWR,[workshop]All Checkpoints% GlitchlessPB,[workshop]All Checkpoints% GlitchlessWR
Hike,1,116,Any%PB,Any%WR,Checkpoint%PB,Checkpoint%WR,Any% PinchPB,Any% PinchWR,Checkpoint% PinchPB,Checkpoint% PinchWR,Any% No PinchPB,Any% No PinchWR,Checkpoint% No PinchPB,Checkpoint% No PinchWR,Any% GlitchlessPB,Any% GlitchlessWR,Checkpoint% GlitchlessPB,Checkpoint% GlitchlessWR,Any% Glitches AllowedPB,Any% Glitches AllowedWR,Checkpoint% Glitches AllowedPB,Checkpoint% Glitches AllowedWR,[workshop]Any% GlitchedPB,[workshop]Any% GlitchedWR,[workshop]All Checkpoints% GlitchedPB,[workshop]All Checkpoints% GlitchedWR,[workshop]Any% GlitchlessPB,[workshop]Any% GlitchlessWR,[workshop]All Checkpoints% GlitchlessPB,[workshop]All Checkpoints% GlitchlessWR
Intermediate,0,1697195942,Any%PB,Any%WR,Checkpoint%PB,Checkpoint%WR,Any% PinchPB,Any% PinchWR,Checkpoint% PinchPB,Checkpoint% PinchWR,Any% No PinchPB,Any% No PinchWR,Checkpoint% No PinchPB,Checkpoint% No PinchWR,Any% GlitchlessPB,Any% GlitchlessWR,Checkpoint% GlitchlessPB,Checkpoint% GlitchlessWR,Any% Glitches AllowedPB,Any% Glitches AllowedWR,Checkpoint% Glitches AllowedPB,Checkpoint% Glitches AllowedWR,[workshop]Any% GlitchedPB,[workshop]Any% GlitchedWR,[workshop]All Checkpoints% GlitchedPB,[workshop]All Checkpoints% GlitchedWR,[workshop]Any% GlitchlessPB,[workshop]Any% GlitchlessWR,[workshop]All Checkpoints% GlitchlessPB,[workshop]All Checkpoints% GlitchlessWR
Beginner,13,1697177857,Any%PB,Any%WR,Checkpoint%PB,Checkpoint%WR,Any% PinchPB,Any% PinchWR,Checkpoint% PinchPB,Checkpoint% PinchWR,Any% No PinchPB,Any% No PinchWR,Checkpoint% No PinchPB,Checkpoint% No PinchWR,Any% GlitchlessPB,Any% GlitchlessWR,Checkpoint% GlitchlessPB,Checkpoint% GlitchlessWR,Any% Glitches AllowedPB,Any% Glitches AllowedWR,Checkpoint% Glitches AllowedPB,Checkpoint% Glitches AllowedWR,[workshop]Any% GlitchedPB,[workshop]Any% GlitchedWR,[workshop]All Checkpoints% GlitchedPB,[workshop]All Checkpoints% GlitchedWR,[workshop]Any% GlitchlessPB,[workshop]Any% GlitchlessWR,[workshop]All Checkpoints% GlitchlessPB,[workshop]All Checkpoints% GlitchlessWR
Island Hopper,0,1780975226,Any%PB,Any%WR,Checkpoint%PB,Checkpoint%WR,Any% PinchPB,Any% PinchWR,Checkpoint% PinchPB,Checkpoint% PinchWR,Any% No PinchPB,Any% No PinchWR,Checkpoint% No PinchPB,Checkpoint% No PinchWR,Any% GlitchlessPB,Any% GlitchlessWR,Checkpoint% GlitchlessPB,Checkpoint% GlitchlessWR,Any% Glitches AllowedPB,Any% Glitches AllowedWR,Checkpoint% Glitches AllowedPB,Checkpoint% Glitches AllowedWR,[workshop]Any% GlitchedPB,[workshop]Any% GlitchedWR,[workshop]All Checkpoints% GlitchedPB,[workshop]All Checkpoints% GlitchedWR,[workshop]Any% GlitchlessPB,[workshop]Any% GlitchlessWR,[workshop]All Checkpoints% GlitchlessPB,[workshop]All Checkpoints% GlitchlessWR
Yuuki's Adventure,0,2219144078,Any%PB,Any%WR,Checkpoint%PB,Checkpoint%WR,Any% PinchPB,Any% PinchWR,Checkpoint% PinchPB,Checkpoint% PinchWR,Any% No PinchPB,Any% No PinchWR,Checkpoint% No PinchPB,Checkpoint% No PinchWR,Any% GlitchlessPB,Any% GlitchlessWR,Checkpoint% GlitchlessPB,Checkpoint% GlitchlessWR,Any% Glitches AllowedPB,Any% Glitches AllowedWR,Checkpoint% Glitches AllowedPB,Checkpoint% Glitches AllowedWR,[workshop]Any% GlitchedPB,[workshop]Any% GlitchedWR,[workshop]All Checkpoints% GlitchedPB,[workshop]All Checkpoints% GlitchedWR,[workshop]Any% GlitchlessPB,[workshop]Any% GlitchlessWR,[workshop]All Checkpoints% GlitchlessPB,[workshop]All Checkpoints% GlitchlessWR
Human 3D World,0,2790952301,Any%PB,Any%WR,Checkpoint%PB,Checkpoint%WR,Any% PinchPB,Any% PinchWR,Checkpoint% PinchPB,Checkpoint% PinchWR,Any% No PinchPB,Any% No PinchWR,Checkpoint% No PinchPB,Checkpoint% No PinchWR,Any% GlitchlessPB,Any% GlitchlessWR,Checkpoint% GlitchlessPB,Checkpoint% GlitchlessWR,Any% Glitches AllowedPB,Any% Glitches AllowedWR,Checkpoint% Glitches AllowedPB,Checkpoint% Glitches AllowedWR,[workshop]Any% GlitchedPB,[workshop]Any% GlitchedWR,[workshop]All Checkpoints% GlitchedPB,[workshop]All Checkpoints% GlitchedWR,[workshop]Any% GlitchlessPB,[workshop]Any% GlitchlessWR,[workshop]All Checkpoints% GlitchlessPB,[workshop]All Checkpoints% GlitchlessWR
Yuuki's Tower,0,3021908639,Any%PB,Any%WR,Checkpoint%PB,Checkpoint%WR,Any% PinchPB,Any% PinchWR,Checkpoint% PinchPB,Checkpoint% PinchWR,Any% No PinchPB,Any% No PinchWR,Checkpoint% No PinchPB,Checkpoint% No PinchWR,Any% GlitchlessPB,Any% GlitchlessWR,Checkpoint% GlitchlessPB,Checkpoint% GlitchlessWR,Any% Glitches AllowedPB,Any% Glitches AllowedWR,Checkpoint% Glitches AllowedPB,Checkpoint% Glitches AllowedWR,[workshop]Any% GlitchedPB,[workshop]Any% GlitchedWR,[workshop]All Checkpoints% GlitchedPB,[workshop]All Checkpoints% GlitchedWR,[workshop]Any% GlitchlessPB,[workshop]Any% GlitchlessWR,[workshop]All Checkpoints% GlitchlessPB,[workshop]All Checkpoints% GlitchlessWR
Jungle,0,2142410896,Any%PB,Any%WR,Checkpoint%PB,Checkpoint%WR,Any% PinchPB,Any% PinchWR,Checkpoint% PinchPB,Checkpoint% PinchWR,Any% No PinchPB,Any% No PinchWR,Checkpoint% No PinchPB,Checkpoint% No PinchWR,Any% GlitchlessPB,Any% GlitchlessWR,Checkpoint% GlitchlessPB,Checkpoint% GlitchlessWR,Any% Glitches AllowedPB,Any% Glitches AllowedWR,Checkpoint% Glitches AllowedPB,Checkpoint% Glitches AllowedWR,[workshop]Any% GlitchedPB,[workshop]Any% GlitchedWR,[workshop]All Checkpoints% GlitchedPB,[workshop]All Checkpoints% GlitchedWR,[workshop]Any% GlitchlessPB,[workshop]Any% GlitchlessWR,[workshop]All Checkpoints% GlitchlessPB,[workshop]All Checkpoints% GlitchlessWR
Just A Random Level!,0,3264991658,Any%PB,Any%WR,Checkpoint%PB,Checkpoint%WR,Any% PinchPB,Any% PinchWR,Checkpoint% PinchPB,Checkpoint% PinchWR,Any% No PinchPB,Any% No PinchWR,Checkpoint% No PinchPB,Checkpoint% No PinchWR,Any% GlitchlessPB,Any% GlitchlessWR,Checkpoint% GlitchlessPB,Checkpoint% GlitchlessWR,Any% Glitches AllowedPB,Any% Glitches AllowedWR,Checkpoint% Glitches AllowedPB,Checkpoint% Glitches AllowedWR,[workshop]Any% GlitchedPB,[workshop]Any% GlitchedWR,[workshop]All Checkpoints% GlitchedPB,[workshop]All Checkpoints% GlitchedWR,[workshop]Any% GlitchlessPB,[workshop]Any% GlitchlessWR,[workshop]All Checkpoints% GlitchlessPB,[workshop]All Checkpoints% GlitchlessWR
Liminal Spaces,0,3063831345,Any%PB,Any%WR,Checkpoint%PB,Checkpoint%WR,Any% PinchPB,Any% PinchWR,Checkpoint% PinchPB,Checkpoint% PinchWR,Any% No PinchPB,Any% No PinchWR,Checkpoint% No PinchPB,Checkpoint% No PinchWR,Any% GlitchlessPB,Any% GlitchlessWR,Checkpoint% GlitchlessPB,Checkpoint% GlitchlessWR,Any% Glitches AllowedPB,Any% Glitches AllowedWR,Checkpoint% Glitches AllowedPB,Checkpoint% Glitches AllowedWR,[workshop]Any% GlitchedPB,[workshop]Any% GlitchedWR,[workshop]All Checkpoints% GlitchedPB,[workshop]All Checkpoints% GlitchedWR,[workshop]Any% GlitchlessPB,[workshop]Any% GlitchlessWR,[workshop]All Checkpoints% GlitchlessPB,[workshop]All Checkpoints% GlitchlessWR
Snowy Chasm,0,3046433989,Any%PB,Any%WR,Checkpoint%PB,Checkpoint%WR,Any% PinchPB,Any% PinchWR,Checkpoint% PinchPB,Checkpoint% PinchWR,Any% No PinchPB,Any% No PinchWR,Checkpoint% No PinchPB,Checkpoint% No PinchWR,Any% GlitchlessPB,Any% GlitchlessWR,Checkpoint% GlitchlessPB,Checkpoint% GlitchlessWR,Any% Glitches AllowedPB,Any% Glitches AllowedWR,Checkpoint% Glitches AllowedPB,Checkpoint% Glitches AllowedWR,[workshop]Any% GlitchedPB,[workshop]Any% GlitchedWR,[workshop]All Checkpoints% GlitchedPB,[workshop]All Checkpoints% GlitchedWR,[workshop]Any% GlitchlessPB,[workshop]Any% GlitchlessWR,[workshop]All Checkpoints% GlitchlessPB,[workshop]All Checkpoints% GlitchlessWR
Mountain(Workshop),0,2924329053,Any%PB,Any%WR,Checkpoint%PB,Checkpoint%WR,Any% PinchPB,Any% PinchWR,Checkpoint% PinchPB,Checkpoint% PinchWR,Any% No PinchPB,Any% No PinchWR,Checkpoint% No PinchPB,Checkpoint% No PinchWR,Any% GlitchlessPB,Any% GlitchlessWR,Checkpoint% GlitchlessPB,Checkpoint% GlitchlessWR,Any% Glitches AllowedPB,Any% Glitches AllowedWR,Checkpoint% Glitches AllowedPB,Checkpoint% Glitches AllowedWR,[workshop]Any% GlitchedPB,[workshop]Any% GlitchedWR,[workshop]All Checkpoints% GlitchedPB,[workshop]All Checkpoints% GlitchedWR,[workshop]Any% GlitchlessPB,[workshop]Any% GlitchlessWR,[workshop]All Checkpoints% GlitchlessPB,[workshop]All Checkpoints% GlitchlessWR
Escape from a dream,1,2003264396,Any%PB,Any%WR,Checkpoint%PB,Checkpoint%WR,Any% PinchPB,Any% PinchWR,Checkpoint% PinchPB,Checkpoint% PinchWR,Any% No PinchPB,Any% No PinchWR,Checkpoint% No PinchPB,Checkpoint% No PinchWR,Any% GlitchlessPB,Any% GlitchlessWR,Checkpoint% GlitchlessPB,Checkpoint% GlitchlessWR,Any% Glitches AllowedPB,Any% Glitches AllowedWR,Checkpoint% Glitches AllowedPB,Checkpoint% Glitches AllowedWR,[workshop]Any% GlitchedPB,[workshop]Any% GlitchedWR,[workshop]All Checkpoints% GlitchedPB,[workshop]All Checkpoints% GlitchedWR,[workshop]Any% GlitchlessPB,[workshop]Any% GlitchlessWR,[workshop]All Checkpoints% GlitchlessPB,[workshop]All Checkpoints% GlitchlessWR
